feature1;feature2
-0.3484163906484785;0.20781179132179445
-0.3189328206939599;-0.41811663795039444
-0.08376951951273141;0.40954943847701913
0.8355527504643336;0.2498097790262188
0.3911463152453168;-0.6668386164846057
0.4208975469073228;-0.0708048253180538
-0.5418534324562472;0.33994842041552087
0.01259710092385523;-0.6015667193884415
0.3469988091920889;-0.7940436358777491
0.8376953734056841;0.163875632209278
-0.1711409475562887;-0.6296564415489329
0.2993676726552081;-0.39590132148258644
-0.37518163731971516;-0.6346493862326945
-0.15317702730491892;0.7267261865074435
-0.34643654784076006;-0.46843954189586773
-0.1140610995089716;-0.36557741616310135
0.230852349106069;-0.5784302539390664
-0.18624606527318044;0.2842771364031837
1.2506692740027476;0.05988636438172476
0.05847592320141955;-0.28460672942027726
-0.2698843624381839;0.282314885178361
-0.500188640407702;0.4550125573818794
-0.32506691739742244;0.4213219595476765
0.028515418392826102;-0.29563979825409337
0.5431116515461142;0.7524201537158968
-0.9299856040129363;0.44840944781686615
0.3121027585461064;-0.6010386212492203
0.05128665731393562;0.017829150763403502
0.552437965143886;-0.4394717128344561
0.30686136388794966;-0.46103973694641137
-0.45442454012464806;-0.7642687751890822
-0.4830198050784345;-0.42035594638561885
-0.8020646430398652;-0.13320977597414568
0.46545252191515124;0.7343471289591605
-0.4544745331095838;0.14694522719064226
-0.18239443271016742;0.3950891105022113
-0.127671087793302;-0.5692748021306513
-0.4449736323735682;0.0653116616144488
-0.3570171566374306;-0.22363421768824432
-0.2653107835772506;0.7667873472909216
0.760895787034263;0.33397777616573326
-0.4436669609398931;-0.3570005474632744
0.1330634764930262;-0.644038825702272
0.791952676468246;0.17468332833062652
-0.19383693448387437;0.496868360969563
0.34881461345267595;-0.501140315075492
0.9298209917103591;0.045936653142557314
-0.2575792731210751;0.17912640633603794
0.8615069229043975;0.5002399225335942
-0.18397399368455772;-0.5417597403526581
0.28765404435030734;-0.22058899985537955
-0.15134932770179602;0.32796276726202966
0.5536005433514559;0.8528469970639488
0.011100694067364214;-0.5674080708757648
0.003524278825716642;-0.11747155043007015
-0.32977900534229226;0.669111936719527
-0.6209747637206787;-0.46465964554449296
0.07819234930492111;0.029286135554897345
-0.4240840308551634;0.36228346891753643
-0.3399512857009848;0.47461857934783186
-0.051888094919880126;0.17745433500643384
0.336782175242803;-0.15160638107177976
-0.3577158743939533;0.2510190464957901
0.6556682063844171;0.6534260202671601
0.48299176797057897;0.7194944689978249
0.5286432886231414;0.8430778871830621
0.239934195140003;-0.6789415455193885
0.32665741985109287;-0.4810827445644071
-0.11270375245247945;0.29738299283325215
-0.4403790767822392;-0.43297630858722636
0.6261175493039951;0.6371368224924067
-0.7658915237060749;0.2979598870719143
-0.06905540599457013;0.6409286358090414
-0.41569056875830923;0.11252162991830553
-0.3496518350215624;0.0920140106253681
-0.3214185912053101;0.23839996947390996
-0.44408757258177695;0.36426478743812923
-0.37851314311352025;0.3202373911676575
-0.3188946787929845;-0.4571957406214936
-0.39156303841563195;0.3100870942294939
0.47658771790281823;-0.3510052474732499
0.7912253785824437;0.17265768290442637
-0.8449557314891457;0.2851153278232405
0.9281161958886915;0.1496684281985779
-0.3142931200796504;0.5234691491851571
-0.35621372533475826;0.1959927320522229
0.1195817618319145;-0.2875946712365406
0.8049458892909601;0.313723191534677
-0.5585071037954653;-0.7311632551611253
0.1130032199424196;0.05082241352595768
-0.16111512111495194;-0.5404992607339837
-0.003127512556350272;0.26732212946562994
-0.07687183617247734;0.763864918873601
-0.23254709340244203;-0.35931115183459517
-0.23781654522626852;-0.35209865993175693
-0.4872356201715267;0.5684066317130068
-0.3802159266755223;0.43587503047881887
0.6695891944168701;0.4862606597350846
-0.012977415746330864;-0.31518076763517777
-0.13531983960237234;0.5760204332744854
-0.5503093234236184;-0.5874759239764672
-0.43717484216703995;0.26295198429351063
-0.10832607407056521;0.4145926347883856
-0.9112821805420271;0.022473823407235013
0.8087792706155436;0.27194621320605
-0.13002180949709075;-0.14438472371543498
0.18761075641921324;-0.6946761740605104
-0.6137156712241318;-0.5401575259319762
0.838921426167125;0.19326032485459468
-0.32185135149958;0.6281295903260168
-0.3341451126115635;-0.4951676542753683
-0.7379413837995694;0.10192615625495335
1.0016628909230783;0.1709585303827715
-0.2924930215632608;0.6352810882299321
-0.07500556750725602;-0.2599788716733504
-0.18771950544891935;-0.6081479294589031
-0.017985570701493262;-0.25033261362768416
0.02421868450471061;-0.23712155717908326
-0.5581139434457987;-0.06268286149141764
-0.5253555554669982;0.4138665305657549
0.7229264554777137;0.40805754695097546
0.23408634884118068;-0.6149944966521593
0.9595319746975609;0.11020581126245627
0.9775176117855496;0.25993349793523796
0.5219953646354882;-0.28727484867824715
0.4666538614767044;0.7471206584885198
-0.34509946357946236;0.5619074682238533
-0.3761026391128474;0.46056067686978636
0.06054568631503718;-0.09557928506942556
0.39219838917877986;-0.5205975334629758
0.08447236263898986;-0.29066743085825086
-0.058825084379890535;-0.6630812614671479
-0.3700017385918546;0.24359567886941452
-0.3592442209063663;0.5007528069851881
-0.2204547730787385;-0.10516072841242263
-0.5797910349870294;0.32423141577894526
0.023000093179901055;-0.5142015102395827
-0.24911777913931102;-0.5884121083044613
0.3991830599386077;-0.7808964516720364
-0.21163935422524172;0.46616975527099075
-0.04078098809060863;-0.20104403307212557
-0.573478326417753;-0.6816498622605299
-0.21052748563468948;-0.5044601342167737
0.6430493418780499;0.6859774393261645
0.35583720899277693;-0.40188334688298627
0.05111809508566837;0.060834129209207645
-0.4569380330077227;-0.21015935971535626
0.0928197378790743;0.6377367162365638
-0.6045053907186836;-0.5426547569259157
0.8958370426582513;0.30596813311179283
1.135021172577159;0.30007530938318366
-0.39792855379872905;0.041913247734328606
0.9120409409369263;-0.010103110579664577
-0.6301465594714547;0.4210107666492416
-0.8394014216163005;0.40276245093049456
0.29424634499170693;-0.4384608388649344
-0.04075232371995212;0.6392998550188835
-0.21700564588546853;0.49830882284859235
-0.1991990507211093;-0.415941720382113
0.20053666185535568;-0.4891763825497522
-0.7800138960264335;-0.268453146451114
-1.1219586333146117;0.06959916781544649
-0.331426496405007;0.6142862907516641
-0.38600640315402995;0.6362890859730131
-0.22584394064000451;0.618207084006944
-0.3819245312274674;0.22525633534226813
0.8568377077358736;0.7879191401931198
-0.279914682039147;0.5011435739702558
0.0878703351205795;0.17828444254449072
-0.4492907205105739;0.4200598095492702
-0.08989246964587833;0.19505189976718484
-0.04476628092589854;0.4149909269048693
0.3465474448173189;-0.3487072486452198
-0.7507304297381031;0.33674113497296315
0.15409647411203184;-0.4858226912319579
-0.08590861609397424;-0.5058977236011022
-0.3807470702838039;0.6226801932748358
-0.44174739579281475;-0.48247705867668783
-0.3879787258669178;0.3901297118447849
-0.8002254214528374;0.39272184527929105
0.3101030577919129;-0.2122569241111452
-0.47523787768411774;-0.06712829311929576
0.10080316550146244;-0.32969058743567486
-0.39761160154981534;0.32637413914147295
-0.4492906922339417;-0.4736412445934157
-0.5720545758182953;-0.12570263229947762
-0.17505001394368433;-0.24698939093106834
-0.2249954401483202;-0.11348642237393887
-0.24570123290887558;-0.3183867285782812
0.5263577871402549;0.6350017785151382
-0.30824842011921644;0.2248619044632982
0.582199737092343;0.5717577162836011
0.08173832895887069;-0.5959168206258085
-0.08446183984186496;-0.24908768618289
0.024839349163395367;-0.30266574755839964
0.9001871666287491;0.20027279578733348
-0.027428428696747487;-0.3558766935441538
0.3201205104336642;-0.4049794424908302
0.17466326745767907;-0.34348380941130446
-0.602011781731107;0.5111379425842391
-0.3932966611335014;0.29847957815018067
0.06828745619670033;-0.750885886926306
-0.1698215786205756;-0.017832131552043558
-0.8333985989220427;0.46890129614469356
-0.09682316011021196;0.004758256125481551
-0.17210207866488064;-0.33533160981506255
-0.2048643757135688;-0.431805297860006
-0.3736034832385589;0.3703942033211709
-0.3490848953840325;0.2529226382265036
-0.5726985427003767;-0.40741709004862237
-0.11675303097423677;-0.6581335068854614
0.03641067925553781;0.07556175407649142
-0.40564308632463586;0.5691222127130301
-0.38222009706643234;0.613615895055055
-0.7596680615803163;0.5339145075126688
-0.7294625640066635;0.33518888575850164
-0.7971765458473522;0.2993708793532141
-0.7781628122643587;-0.34243744172140295
-0.8422604520181282;-0.33362268494844366
-0.26009389295464597;0.24615321737896728
-0.4491931392195627;0.31300329488760825
0.45642246516704593;-0.38462663509071504
-0.20602484319752906;0.24589097565261994
-0.30245095775076813;-0.21495474963416142
0.059113352249421824;0.35492915566473576
-0.2511681332737114;0.44171771162759255
-0.2982851043464046;0.08040539790783743
-0.08665932337053105;-0.9824458117677742
-0.264629929720474;-0.9924830779918663
-0.05054695821595753;0.45435497318842893
-0.5272427326685731;0.5130966334493172
-0.6455762392720314;0.41490393517425994
0.2712366437424585;-0.476995644457761
-0.7069373185395452;0.21776944636792028
0.61659210204298;0.8073213695110384
-0.2672628680207757;0.4966468273676507
0.7821170879803055;0.2387111477739975
-0.7248886253281737;0.3069325266426833
0.1668601173906028;0.04628465357382858
-0.1577510270564495;0.04106443214015801
0.9833794966320747;0.1764557252121135
-0.32439697890133645;0.2876419322427087
0.4633163589597118;0.8061459237392159
-0.15611158489922505;-0.5703693023972036
0.2677496115571496;-0.2308902988500199
0.17703856764672915;-0.5996671683466179
-0.20644969974676636;0.6728862275899173
-0.0471501078286622;-0.3804926764619611
0.2007982947383422;-0.6398609914177829
0.5078448455769494;-0.7591204521948323
0.05195442971740959;-0.4319565260764126
0.46391692411668056;-0.6755018932394664
0.8062164561534704;0.049082731994201115
-0.5704228637968745;0.08326268084676908
-0.10560138721770916;-0.7111860584608677
-0.13767696414087968;-0.27278971507475985
0.12618911602520164;-0.48135969402809203
-0.4431786036522195;-0.24227436159166882
-0.16147748519340957;-0.5927297523017429
-0.23998386570728603;0.6342142419840067
0.0828425144694465;0.8006838445007447
0.07183518974794229;-0.45803851344657387
0.10116588860895401;0.39069468230243326
-0.27051418636367436;0.3065976778407826
0.17177632997170636;-0.42111020896033985
-0.2993371729377266;-0.30908007335639015
0.4914669029637413;-0.7127096970155697
0.16187252821846673;-0.3790798907888918
-0.21058826044011622;-0.43210094973246643
-0.5116456897374513;-0.27598492667943586
-0.1327239391276189;-0.5877486323593029
-0.4405770637860449;0.3541989048028303
0.7462843490300344;0.448247312099968
-0.418041599307882;-0.7663159332273253
-0.10614707407543407;0.9523681897147455
-0.41436252700632215;-0.33866002186024613
0.9093619817661828;0.27658696238843833
-0.24152798039455897;0.5367841635633598
-0.1906054520087445;0.0388789811365873
-0.23190369403486977;0.10997459550849804
0.28200789393998527;-0.6399770269810573
0.5443373344218378;0.703996277527548
0.22220850324387978;-0.2726883408716114
0.18067297800059137;-0.043694372234234405
0.2014756726101954;-0.6124030096509858
-0.6035985456781232;0.365878638556795
0.39045637096093655;-0.41235613525851533
-0.4395267900623791;0.3053349220403077
-0.42535827596877057;0.8460746550849763
-0.26641785662764267;-0.28639861958685003
-0.8016960091071538;-0.1009425429972276
0.8008124079904615;0.4318409616598724
0.05074280729284599;-0.7449162590507161
-0.030570430838600372;-0.19625855989650015
0.8905874894643334;0.025717796549678724
-0.1409122409506405;-0.6717196815815929
0.1316324009683811;0.35084507029372397
-0.0895480323589184;0.45436527956500855
0.009653861127379213;0.4627805015787067
0.08145324585834317;-0.7530515692654605
0.2527043967239993;-0.26330503510429093
-1.0584355641404506;-0.15640395378040747
0.9769137495789084;0.001644785037936453
-0.3489850172687074;0.4638471553357889
-0.186252368098427;-0.32701129233216797
-0.23552356941914035;0.3762268212641189
0.9367701516709538;0.1361250991116504
0.9382546155603854;0.10378115891039502
-0.048967517620543265;-0.5533202751427091
0.9166781281887199;0.11687562224629536
-0.5301848271896088;0.399266001612678
0.3116880211549941;-0.28660727826943205
-0.22514354364352698;0.34876132163936535
0.9263256740548635;0.07713053518146747
-0.5481093369901284;0.41101069474553836
-0.07495593653568845;-0.14630104800832475
-0.5894476613594432;-0.5212115588717617
-0.09027429143858791;-0.3146974820623719
-0.22855842428617554;0.6903522476597896
-0.20168619983033606;-0.6976797382806493
-0.04443537618476637;-0.533287065145582
-0.525459755735332;0.2861015851552954
-0.6088163748156494;-0.04992748033939022
-0.47583074113819684;0.5754298595292475
-0.24246077411463027;-0.27099337703604537
-0.030323709022439364;0.16491016102876685
-0.8518473488503413;0.42974649135938453
-0.2990765571252052;0.35733122749014806
0.8119035212805155;0.24138239473993095
-0.029656479387442456;-0.6706111568423954
0.12352987269036517;0.06393583948212626
-0.8039923991350064;-0.3991581769614807
0.19259808614900276;-0.24679801362045473
-0.5047944055847872;-0.14133641692796486
-0.7420275334531837;-0.723983807730764
0.5700164531537592;0.645905721158541
-0.27475743840968647;-0.6100956488162427
-0.3540810817712022;-0.26753829577309207
-0.04854604973133029;-0.20889855082184586
-0.3237985404707843;0.3342189528510374
-0.2081204788044565;0.08625973438504546
-0.47591947756251973;0.6582413059641531
0.2106646226079775;-0.6287752640576707
-0.8918153930816869;0.26312749478317043
-0.5409809449016616;0.32736334547616763
-0.4638498903583423;0.2363629306354368
-0.10046549904916527;-0.24586679888281424
-0.14730447042751688;0.2557717415601722
-0.7718267424946643;0.3099489652539024
-0.5008297825483534;-0.23275641160482405
0.5641939754252832;0.6833343917217404
0.6942909917170406;0.3461613878125597
-0.2437731189003309;-0.42605799060821176
-0.13478485963356063;0.6748366901656291
-0.19543595362006452;-0.583312669283119
0.07595893146280248;-0.467139311058503
0.23102275077331003;-0.24273493104901495
0.5217829419012022;0.8036496922475072
0.1106548651435911;-0.40648135860385654
-0.27475769842511955;0.47524528742952693
-0.305563956588797;0.0884191687357002
-0.67074813243403;0.5230757108340628
-0.2627481203669718;0.5997337136501956
-0.14793968870971244;0.2969540514626698
0.22122614961199388;-0.7897980427705839
-0.20955672004016282;-0.16369260361055216
0.048792037895781064;-0.506842541113512
-0.1299921394203692;0.660513690427922
-0.5574561869175955;0.39879129569386607
-0.2197104848046331;-0.6867513654504902
0.8533587613459039;0.3570972893679513
0.804024101532032;0.21185327406277368
-0.16715591955035086;0.25858415252528955
-1.0197204998563332;0.11862506969796001
0.2466211862027688;-0.7405952177062639
0.9019202134824276;0.07832341229910893
0.463301845987371;-0.2517682268251282
0.2624821431240482;-0.8194526267099603
0.17961415640781206;-0.40656380856237423
-0.18092248033345745;-0.4967577045588473
0.20006178357965562;-0.386777729928836
0.30283902047703937;-0.2548583130023647
0.17364370030854448;-0.23475040861270524
0.5989170266817747;0.6380355387518207
0.8533566646613937;0.6127394322861878
0.3461517505502425;-0.5875112460290683
-0.20302905391021348;-0.28873140752421145
-0.945168781724086;-0.25658414310839245
-0.8948667302352747;0.3241821015207225
-0.19551636961774316;-0.39808415559673316
-0.0015742362372530097;0.14150670379957048
-0.47846287342173016;-0.4642667972122461
0.47027622032766436;0.6366893535379292
-0.05419606941461568;0.3793592287721102
-0.9173398925077363;0.20213394748466754
-0.3268998737902225;-0.24250523046118114
0.9708106676314462;0.08254442382655225
-0.3229359683435323;0.37791519001701523
-0.1552692154227149;-0.4570955500615772
0.32831548984803055;-0.40754265247329835
0.9946906620887301;0.25948734646406163
0.2997146030777384;-0.328377548399956
-0.1764003998202594;0.34841605293058775
0.6525474784289982;0.575459175362502
-0.03336639403736014;-0.4802249711214945
0.002562169087718507;0.0031156393238467098
-0.5741396168852919;-0.45659337996058463
-0.3562234512787888;0.07009830880433805
-0.11790160897041597;-0.3852052718941313
0.190851879897304;-0.5817733366812169
0.8580320281788212;0.36849005183125355
-0.7472705481539312;-0.003714256416115908
-0.7789177912878156;-0.537937117151308
-0.2382741005040724;-0.529340266875068
0.8770085462688064;0.022419256847512434
0.9478240792039729;0.1343889438046503
-0.33398421592157873;0.01423767035332963
0.2559972323881521;-0.5374177060071157
-0.35255147607299847;0.28981288254431387
-0.5066827771063066;-0.3942616203368954
0.33792042508018894;-0.050521948801737784
0.30539726526947225;-0.5403385379615886
-0.44767625034728287;0.32281212452702907
-0.22266160906959506;0.6115479664540976
-0.1353805737020805;0.5340213247672791
0.8109294961267516;0.1575335265546141
0.07115193312811978;-0.5227342629887619
-0.23201494487971588;0.28717097183367774
-0.5719475445157767;-0.35735073172294884
-0.13830783520896084;0.2239644353562762
0.6743438897291175;0.6902751864818429
-0.03865525477613962;0.3927987265466178
-0.21060180015173352;0.5569653557530967
-0.16035817375361713;-0.09119021013220613
-0.26730325523214776;0.6192862401912885
0.24832367957474938;-0.06463924877473581
-0.24715660207973333;0.4590820986651699
-0.27946898440676105;-0.34495778694595886
0.6208668242830226;0.83599699603316
0.7744419306449862;0.13013237380584075
0.9096204995827527;0.428863656059565
0.8434240413897495;0.30906017831501315
-0.6413472780856109;-0.1649358709073063
0.18057274373750123;-0.2809116307364468
-0.601076232417224;0.5201442509948588
-0.4021922496556708;0.32362497021707337
-0.8813653190550294;0.2307632248102642
-0.061735825629566185;-0.5517857839244388
0.44264366960876195;-0.2679751191865364
-0.2433397091155153;-0.42926032777135464
-0.5722377900035613;-0.6905256571789475
-0.6992174085143037;-0.009255304206489673
-0.38091776158672336;-0.4403582390155011
-0.5037163972924491;-0.7395687175792204
-0.4380208213029475;0.0672215020289059
-0.44776227406097985;0.19289665705420186
0.03895362745980227;0.29929458980010215
0.4466537541189009;-0.7107776555321951
-0.12169503319812502;-0.30076503752263567
0.4753708419613341;0.6233038835874061
0.3388642771730011;-0.45842294869163236
-0.44906038807711607;0.33916129925540933
-0.07517463949653835;0.2323277609218541
0.10865505284791901;-0.5206912485159292
0.8591027228859868;0.023497335425952438
-0.05233244330704838;-0.5015148981193328
-0.5386498919027513;0.30682110362015275
-0.4226410191265342;0.4146028607774448
-0.44497228104996545;0.346684645110056
-0.6093868306887139;0.108989014340186
-0.6082441409690229;0.00020118636203954093
-0.47830762086598066;0.29761471462851785
0.1460653711342504;-0.36906103345908564
-0.08842238209013145;0.5525971869430282
-0.304766065980541;-0.32021671478986063
-0.26721497831320395;0.3213221818628183
-0.24321347525774015;0.35735637443994245
-0.031956340801440906;-0.13586209244767597
0.6630636954631695;0.5412614798541259
-0.2542401751797943;-0.5028123258061987
-0.49335912301123397;-0.017356601426633804
0.804951557457711;0.26170571277414195
1.0889939947222513;0.07968704534457056
-0.05333236182854025;-1.1210480219972903
0.8968121802959056;0.48558025325716037
-0.40209773666912174;-0.4108443099084909
-0.7405615662267172;-0.4273563171482549
-0.49586494855559593;0.10204696620772427
0.12610400534133323;-0.6755984086309988
-0.06480116929532569;-0.21869077034066278
-0.4052353751986345;0.25499975073248304
-0.3514712416586649;-0.37621982790177316
-0.4347499380551857;-0.574048952792674
-0.3636186433279661;0.5771119839964869
0.7476482237863086;0.5555097059819002
0.8795294903782769;0.1749126677106394
0.17918538624723612;-0.1283878692119373
1.0384760288813775;-0.012207353340872846
0.5944429238151989;-0.41550643559243905
0.024676532402850938;-0.295751672300445
-0.763364119478575;0.16478064100608014
0.5082744897954237;-0.634087778214302
0.17526150533589555;0.25328455875721834
-0.30251663762271636;-0.598543840195757
-0.014332350500029083;-0.20147956006347062
0.45287413974280505;-0.6972354476316055
0.13740431904855843;-0.7156446468073968
0.13132796514136272;-0.3337374601953258
-0.20575126722132497;0.04270559790001432
-0.31929210851477585;-0.31455067801702985
-0.29673337594115357;0.704010672208644
0.5292564151448167;0.7909055909642267
-0.9056618911124803;0.48455243929660485
1.01212605130843;0.12559931717222741
0.8738118961088049;-0.03577650617880622
0.1846092467252873;-0.4165797853545716
0.04356557604676417;-0.13317990613873773
0.7227184576520915;0.6220930659937758
0.3990951765495267;-0.27730000071117417
0.7103721102087747;0.5528420968892043
-0.35691712179498936;-0.06228945723775725
-0.4625064864769907;-0.3481988031340477
-0.1152042946057248;-0.6697580126539724
-0.8478624047762214;0.2578419966795805
-0.34846006917718114;-0.2727547026504938
0.7790114258261754;0.5977261277109676
0.7850355745960463;0.273283226869509
-0.7254672822018984;-0.6057570471774189
0.19644261658289974;-0.0971213544097641
0.960561728021462;0.3736552194630401
-0.42993094523897013;0.4715434117334144
-0.046394839671502486;-0.43754109819487735
0.2800611955293153;-0.2785632730370771
-0.47891633049879023;0.27923796717282046
0.6375600500255096;0.5388660216179523
-0.24974584571336028;-0.7695271679914016
0.7105753368401488;0.4592722578450324
-0.14133971363567155;0.12578524241560396
-0.5464024671657411;0.4567523084899839
0.0027543418632433024;-0.77668743922301
-0.23207388026891287;0.5419996734202169
-0.35777449022665203;-0.4937170122337921
-0.24368704049283207;-0.1948986602483503
-0.25389785734824366;0.4384517579687122
0.08329337041865126;-0.2670387243546593
-0.4720059214736308;0.2803744145267405
0.404506201275026;-0.3364365456387839
-0.3950131807939358;0.25721612368693236
-0.28948602091190107;-0.09655870418029877
0.010097450129414664;-0.40681110722032454
-0.277253594612304;-0.047333875758117795
-0.18395893618744;0.37804251370656905
0.38893833987171406;-0.6993283028769669
-0.3959298046444293;0.7090543247726213
-0.5209759875458833;0.5546465142002075
-0.4849304267081355;-0.20195254274958685
-0.41744275317125823;0.3662059707935095
-0.25957854846567874;0.39756980296446987
-0.7202804576895846;0.2847925073173624
0.42555002991776064;-0.321584107922564
-0.08898789766032816;0.38335079365655733
-0.289957778612883;-0.23867552737700595
-0.32417177292740984;0.022731490277648998
-0.11156125525124527;0.27311351513636795
-0.5689312126545257;-0.567358263541323
-0.5912084085948542;0.5115584980145507
-0.8752111935953707;0.4787766198126322
0.03007927583696184;-0.58798235295574
0.6071094218157638;0.6917793049599485
0.10175849325805149;-0.5942378031837262
-0.5672317149143522;-0.667962667936266
-0.22625202635621813;-0.026284087141409243
-0.5304288697789651;0.05096575427976482
0.9425973033583478;-0.05961664217684201
-0.47216951000745244;-0.26482786243525613
0.4872809267773292;0.8637559926782984
0.120092537449339;-0.6257505679364151
-0.20778544082322253;-0.4856548718764942
-0.11037954650387972;-0.18304573550748696
-0.19250965464748687;0.3613322183732555
0.5470773859746916;-0.5059633635235573
-0.08648536575806891;-0.2200467327617942
0.05361021385757403;-0.23046643076564788
-0.34392947918348765;-0.07546144144437048
-0.6601084692914418;-0.7292874090730281
-0.4451507340051791;-0.6298750407045585
-0.7676724406739132;0.11901315674375082
-0.46326118146818457;-0.040401058957157225
-0.5978082600435436;-0.5224184589676147
0.9332782059831464;0.025710111136591038
0.9056296761829393;0.07329542820423474
-0.4353282991821427;-0.2836215130525475
-0.11953284971406532;0.5028739684507417
-0.5760101657383371;0.46911509204867424
-0.843755642260487;0.5457364462965318
1.1222583353671451;0.18013541826014973
-0.7205546454197855;0.09064539257469405
-0.26143520532471987;0.3856409200947501
0.219290242299442;-0.26320771027763756
0.1489772629219002;-0.7725650654973629
0.8843538343073842;0.2627793592070901
0.901444302730467;0.6147615152362865
0.061192147602652264;-0.32956098943504414
0.06878962487665555;-0.5319338774842831
-0.043048705950130606;0.510242066927353
-0.03487315591723766;-0.032225725214128975
0.36047580160625464;-0.23961682806899282
0.7715413637653393;0.6335761889402602
-0.5088430028029006;0.49203489608420287
-0.18237773445728137;-0.7830942019022809
0.28438121174960096;-0.5219569818240979
-0.13856346439769834;-0.8554375410123727
0.6922080320307757;0.7099101318561214
-0.4292914207622843;-0.6176631934756874
-0.5086894358615508;0.2774605828332016
-0.630834242886735;-0.623701092417249
0.7412717477464194;0.6190663174934635
0.2054523607488526;-0.42260904370161845
-0.22887619127132314;0.7746920745782278
0.1584350589835093;-0.15037390224869335
-0.36944414612282694;0.3797197157631871
-0.22414239572693523;0.0006582622037566696
-0.14529339066346672;0.17268803849409878
-0.20175920143567067;-0.34536516280199675
0.8470027338523796;0.03553232995677443
-0.1776380850511378;0.725702526181398
-0.15546133655136624;0.7670301253371434
-0.5567108394379875;0.2850010895794585
-0.13146890706705391;-0.324780904948889
-0.6837331592432504;0.4940790754757232
-0.21867619690781886;-0.5334206936713846
0.19185689030444167;-0.01270349347802308
0.8528110058887418;0.7700655269341095
-0.36728377362885334;0.27158077196472497
0.03760252297190174;0.3035516116585173
0.0852160860408771;-0.22274527929542084
0.17145559330529983;-0.4876335256517806
-0.36661440921105537;-0.2723434692506067
-0.2752953880732147;0.039477748122917156
0.8637529251815683;0.2907942041186742
0.6129348190447311;0.7614813027751827
0.4895554201758446;-0.44378988070578995
-0.31343721690298715;0.5672410389845188
0.38652443363247413;-0.716246110510223
0.5075347456925648;0.6640158323457817
-0.4961789216101899;-0.15808947260355033
0.5528266693636112;-0.25173310149152456
-0.055412103245224976;-0.6487134412355898
-0.8950552458448185;0.10904866721110819
-0.09764964445227176;-0.16323543247118605
-0.13731349811048044;0.6131004192972943
-0.34737955189634234;0.3899368422805177
0.13180260999696813;-0.34443848081984946
0.2945263141030413;-0.6766266025021584
-0.4749065149235395;-0.7178053870557403
1.0242132553756964;0.026297964816148038
-0.14429097430706478;0.47946046353081645
0.1858084260110412;0.11189752026784128
-0.7270084839309077;0.16767324721004429
0.23674759756909994;-0.7895554845437392
-0.2775824948585574;-0.6622809337969081
0.8321277084723419;0.23016225413711502
-0.8731257948663692;0.14615023328965834
0.06535151517833532;0.35422166910055136
0.0944706895201622;-0.26888565426533895
-0.43153940391135837;0.41929484297732156
0.018630316585878912;-1.0810983938021046
0.3441279399141806;-0.4187016184041247
-0.3236593394038058;0.5968704780022307
0.9420221128791163;0.009722532520577098
-0.27353765641403754;0.37663078281748047
-0.4043952571311263;-0.05274432539617234
0.4511884942629194;-0.7826540567415781
0.0034154929957850503;-0.608643273016354
-0.012953421060492975;-0.17791259302485693
0.6244090796503509;0.6740018721609746
-0.05831065387663475;0.26757382239020133
-0.4464739225668235;0.388610287717098
-0.015596479790114857;-0.42288303565158425
0.4061390397216316;-0.6273949447238722
-0.5144517825677859;0.841720907577283
-0.3495382374812909;0.3271985592152005
-0.12175483941456144;0.26104293849317406
0.008928458304708892;-0.5203506783047409
-0.7270635023510834;-0.7724483107963601
-0.5744848914380675;0.5529600201645347
-0.5929807269506453;-0.08611626239831155
0.3266360470676856;-0.5121382444451982
-0.11203554340505567;0.10627301030276136
0.6176897623082562;0.7618172119025379
0.7577455432195755;-0.5083865679637749
1.061222398096515;0.05250127526209777
-0.04158763029293291;0.5993124481806901
0.8963661963820756;0.2824474680380629
0.11564774650481856;-0.20264472518766413
-0.9194605972028403;-0.05174144623554444
-0.28936771353632623;0.5545893629702563
-0.3652911493003302;0.18445589778600902
0.5750650958692093;-0.6455355315663978
-0.4157184120091631;0.48134641085322794
0.35165661306975904;-0.23290182586201344
0.8348887699243027;0.2729274953210211
-0.26091737224851796;0.4244037547255108
-0.07104221382593143;0.7965934787081276
0.529781393945511;0.6779025698415717
1.1717074453451313;0.12267732147358187
-0.67229739408157;-0.5025819734950292
-0.06586782797037964;0.6489415085909512
-0.6683158806611658;-0.6082504996171197
0.8792049452200698;0.08287857683767098
0.24737277147955145;-0.14578366143414928
0.06138182025907264;-0.7588717419843712
0.5392113148619114;0.8085813029839962
-0.8864945101622137;0.3056191336007179
0.38270766592196104;-0.3253165908598953
0.37978402911602077;-0.3639362667365048
0.698331573888418;0.6442569756758852
-0.20675022643964971;0.299371725608612
0.331868932909522;-0.3655233508117544
0.49174476250042204;-0.535013060477258
0.5362876523952893;0.8007682477193825
0.9812255657480907;0.2330488393200063
-0.19352268158380387;-0.6095708435256795
-0.11440988373032879;0.6117236922527056
-0.22549174020690207;-0.34378572981817657
-0.30255429249389104;-0.6907310666897915
-0.017104943509758636;-0.036641421457664
0.8881550642060502;-0.021227952077539834
0.9566272154594169;-0.013402940936818953
0.8407028711335188;0.3515002502204547
-0.6102351152511549;0.4560642317999614
-0.5974940987645014;0.20464502408330026
-0.43955814106230257;0.6617716959120694
-0.18566121470791458;-0.48463513789630647
-0.2119146703969747;-0.32187734086404596
0.7238286148795281;0.47773106611719546
0.09045115486618724;-0.4628878376723693
-0.520650673721732;-0.11862529564780212
0.8684235249816828;0.07249758249544472
0.7459330108020094;0.6063398232478299
1.0913167500955154;0.2270943089427019
0.7166364628442764;0.7057495336527341
0.6847893576527774;-0.701558576499428
0.6666376556371504;0.5754797102049509
0.9033512040104804;0.23985920795840535
0.9567231262548213;-0.03984748539506358
-0.45029628590792603;0.5109486033526571
0.244802534220565;0.08038376092469196
-0.8083719783334735;-0.5939505618388937
-0.4873472268491921;0.544504172522167
0.1591795910024582;-0.7037923162793198
-0.48402879814563465;-0.5679859572029019
-0.18793314369951447;0.20348332004155276
0.32207645337439555;-0.5009069847256852
-0.34244377071393084;0.48382151909268944
-0.036689910789785285;-0.2753354788589873
0.7894391797885758;0.20612389029712525
-0.09219893294437995;0.07641357284496
0.5009502501419415;0.832980741510618
-0.2851744464750923;0.5226173858849368
0.5951107444879596;0.5280671243044568
0.838832732445054;0.09258603292206682
-0.3315650528436314;0.050266305517215476
-0.6856291844961409;-0.4159928362542719
-0.8078570358236464;0.355441274581728
-0.4005680563647256;-0.6007562469114366
0.9316808636423529;0.23589647953903675
0.8557938036654503;0.5295619843838711
0.15820931197504617;-0.38874152979684584
-0.02056018506475183;-0.790013794281578
0.050422740173355886;0.6951176912612747
0.1478621472829502;-0.8199201258222496
0.0584362562047245;-0.3799503159904014
-0.7783413533249776;0.39540216982882204
0.10022034003779899;-0.6782562829237937
0.2617699213952698;-0.6653635268639457
1.0432724404778977;0.31385470146534555
-0.3995102994042309;-0.09698226717494512
0.6256281556409413;0.7838472670081307
-0.7630026869080595;0.27864968959073894
0.4850765288888106;0.7709727302986396
0.724141941671394;0.47581273875858504
-0.31708241329222664;0.4557996852983218
0.3807737427440072;-0.4336404816376311
-0.2128739821155375;-0.6144389290707437
-0.21246611720050942;0.26042386878136464
-0.10463228883036362;0.3140210075246854
0.3193758765671424;-0.787992555672036
-0.5151206411421639;0.06515172612784646
0.11322085221158441;-0.48724133251970714
-0.3784457740688937;-0.38715310973439526
1.0130510612534847;-0.015984266899097262
-0.2033673800258241;0.6961174259012994
0.6174336842655314;0.733527961167397
-0.10219119288749595;0.5029070898187115
0.019239423398672125;-0.6553474419265666
0.01634334925667084;0.11498174707722546
-0.8457690078224844;-0.3434550225223265
0.49932331193475754;-0.44431871620089924
0.37445927312224403;-0.45396830791809833
0.0075166657900594055;-0.2696795971065762
-1.0963931210916191;0.2866000968452404
-0.3673348337489522;0.2765524190599035
-0.41112111783838395;-0.08662075605968503
-0.8172969719465015;0.3838314956658932
0.9805505652354702;0.010166881940980152
-0.7673919635260444;0.28149974682336515
-0.39407883563909096;0.6156714668366614
-0.5282926642545107;0.1473326937843287
0.8860287655955662;0.23649011232587927
-0.9113924744734547;0.09665225034696422
0.17968751793787233;-0.07043302133915752
-0.1679838008884094;0.6751097458144629
-0.23346517447033216;-0.3091883181526221
0.15739139916118444;-0.3975509021757852
-0.48992736878354826;0.45653499271328346
0.5596276757684143;0.8654964543026195
-0.3086558012780114;0.3364257535824177
-0.08805117317457878;-0.4810227978142293
-0.5507553385683512;-0.3204894885660062
-0.5942671846110583;0.22378745583457166
-0.5383408974345489;0.41643605354403257
-0.765610300080833;0.0814737621969873
-0.5472650149762276;-0.28097721457617875
-0.1724067834768743;0.0650684057478442
-0.38592293146169615;0.36050681965659104
-0.18611357877064735;0.7404012073455494
0.7095876406069065;0.6204973553437755
0.8240768022751955;0.15073676159478855
-0.9231835279013391;-0.16495559502818022
-0.42518682490639365;0.14293072459321093
0.9038823734118938;0.26754106848718356
-0.23932684033656376;-0.5800281174171683
-0.7879194168405562;0.3601380352006294
0.30353288425613073;-0.9655086343434612
-0.3185807486089834;0.2693411335609763
0.048483197700658884;-0.46916269528693694
0.2360932829994545;-0.020315005073892074
0.5676511028132362;0.7329049610647316
-0.01710187244207291;0.42623623033960345
0.39902514158174446;-0.44873093621237237
0.03694610482480867;-0.12353241926064235
0.11714444186993228;-0.22795472658057991
-0.20261089056465817;-0.22698837640409755
0.957915485047631;-0.01887064577705826
0.06608911445723033;-0.9379178395920791
-0.49606543863605557;0.5502677338353885
-0.4613037019959246;0.4218681389464344
-0.3217830077303337;0.30788525910006137
-0.0446753067646945;-0.09866335665477932
-0.37391911824748475;-0.47037693224924565
-0.6069139829775549;0.18670329163238594
-0.2602342202191496;-0.3678908343228429
-0.3343372681201372;0.4085563070342601
-0.18963503024656408;0.7271247019862752
0.8042052069902882;0.1631160987052984
-0.10492695851073283;-0.586072808500551
0.24881148465700997;-0.11558052185013278
0.03282736639131666;-0.5495909330950726
0.7396995630131993;0.6119847405195767
0.90704857570414;0.09709548585911813
0.8375760113906412;0.05560791817612473
0.4649192997306406;-0.6140775982813317
0.052749458410196674;-0.18895227768515144
-0.4542755409106413;0.18445823506899486
-0.4721830286864258;0.4589050400720076
-0.09026940251650933;0.4570478213680222
0.22686040261219412;-0.6697717972711588
0.20828409451582452;-0.30827894837358166
-0.4557883442326595;0.08970567435819583
-0.30200920348767735;0.26666276735764094
0.8946622474210633;0.18555890442977138
0.959378823121775;0.3760718154047687
0.917928618862933;0.1969104336377184
-0.08611802192774548;-0.850557796817671
-0.1785631031639616;0.15722314570519996
0.722017859884531;0.5452548460188599
0.5615370565774789;0.6467970165096975
-0.6246093461114613;0.08797511284713956
0.796481693425808;0.18202350139159074
0.02179704380183803;0.5097159400542791
1.1076073796711219;0.12587305544502594
0.6267602208277188;0.7954421217549551
0.4436314784839476;-0.5911812393690575
0.7035149474094844;0.705307864743555
0.6510983975754902;0.5290457697716406
0.9650861212851581;0.05523957653608581
0.9411797265046161;-0.027249425735643006
-0.1474108745787394;0.3787574804002452
-0.19236548741815993;0.4206279016561673
0.14678068757163024;0.30564497553597714
0.0011605584343269838;0.7370218513265642
0.6265280878687577;0.698331240686459
0.16590878589181746;-0.772734868779205
0.6655667396478263;0.6958373681498424
-0.7840754049887212;0.18553993391817286
-0.28565015043897685;-0.32108300695384323
0.94444831623767;0.17976725992477977
0.08753360872087047;-0.18718893683230478
0.8330832985058998;0.533467492027013
-0.11145494146556388;-0.442816073815413
-0.5326143165234306;-0.5887310992622399
-0.8909104953948372;0.09338447907637552
0.9824364100531305;0.04429354918400508
-0.1786129885645911;0.46712137962122213
0.49614561207284336;0.6302037323914138
0.6966496471240842;0.6346514984951643
-0.4093704814329463;0.3721886896787631
-0.5852956415183866;0.4414793070197402
0.6536218570773487;0.8198611903847438
-0.3989535797134786;0.5042572139222552
0.7362149444585897;0.5280216993191447
-0.42708555288009775;0.26229170697130166
-0.8439172053768668;-0.14343899983765732
-0.17530728103384127;-0.6988689169977458
-0.5031996165360415;0.2245293922435069
-0.7899932237420643;0.3462534598477248
-0.35944233142602344;0.4699539639747362
-0.7956281819452773;0.46382839066101583
-0.6028788991612448;0.34460335579616047
-0.2941881863242153;0.3221073037742143
-0.347380227184056;0.49540362693779216
-0.12272662014185498;-0.20086081318390422
-0.04517169810410006;-0.5245503676624451
0.8154410509611209;0.4156457205422748
0.05013459546659819;0.003485012101908873
0.042723866773202994;0.40699833493519494
-0.3427533701509678;0.18811772193017867
0.048632190968277124;-0.6376475189374958
-0.6249358862673741;-0.17376385510739065
-0.761675744536977;0.2732168799358212
0.47896770373559483;-0.5386121793223634
0.7865670673389784;0.3657903990690696
-0.2168781442243189;-0.18041816426011828
-0.4113607271336595;0.377163598107663
0.7899664673171142;0.26113448499153663
-0.792484998367215;-0.5633427662998087
-0.3886942987992259;-0.3386582880952427
-0.08752668957424843;-0.10681134857084904
-0.1770546695220181;0.27478306861148477
0.9817244952981148;0.111631363028284
-0.26318319016628194;0.7026581508932281
-0.3133023790413553;0.32487113026701075
-0.5003456062871431;0.44176106851127117
-0.14335655572320063;0.20401166114138905
0.9369448352723287;-0.0026383431385130903
-0.24570052505882112;-0.007768073815331593
-0.2908178894958584;0.43965532867207885
-0.9783724449897421;0.007078724118512358
-0.00984923896471424;-0.4678111938809289
-0.21539565070009284;-0.5513117578901753
-0.18408476727793738;-0.6892565003045421
0.01434258334134094;-0.27327308964828895
0.48423338909001;-0.4515261838634016
-0.03525440972780017;-0.21046230050548517
-0.9552472970734535;-0.2685148617260365
0.06680969642975877;-0.6509208641180244
0.48381426765345376;-0.43138778765323554
0.1356109071573858;-0.24381995850434784
0.05548977308063702;0.5582366854491987
0.262546731758495;-0.372801422968989
0.23290454836874078;-0.5175796192609144
-0.9487299753933693;0.4951166522588943
0.23523310167247774;0.003990871584750549
-0.24139709782616037;0.11219219332182029
-0.12359707180996059;0.3977783404752763
0.7879516676573347;0.41738286933448326
-0.5739261290004143;0.043189555230031915
-0.7509150392447547;-0.2097006951436097
0.6171970270786244;0.6277960805143091
0.5100120219050363;-0.2603013245360882
-0.8318190169850748;0.3745497604831215
1.0932538638654064;0.19941080839335804
-0.030349921751915893;-0.47386341763936607
-0.4131101606040388;0.39006102214423594
-0.11809000149168397;0.5851784298501665
-0.4720259700826108;0.31385727958256904
-0.7088908913074486;0.05215073384421482
-0.36091744817010957;0.407622198240341
-0.3939069515573357;-0.2325468093266118
-0.3798789846974198;-0.7019190231740359
-0.3497604800437713;-0.16146338101181332
-0.29126868530145134;-0.11796705213573994
1.0992510489098135;0.3032303707453423
-0.5016048439351171;0.49946158768609167
-0.126952651872379;0.46237392540507105
-0.3150692693734084;-0.2307006902102285
0.24617188162855866;-0.4649624843132434
0.9999967857303347;0.28623408733164507
-0.2097952537476622;-0.33329143228803865
-0.5469206278695058;0.3354434916844365
-0.3871944238061788;-0.6300417429694425
-0.008287219244839193;0.23149997873337733
0.7705944056796129;0.24551429116918322
-0.4154327479648682;-0.025642000575807983
-0.5025180629645981;-0.16837614685338792
-0.0035474727079630665;-0.5489623160325856
-0.6604478506758257;-0.6659644826480152
-0.26707995571384846;0.2883564996167512
-0.2248707698075068;-0.4668759822602102
-0.1831204658522412;0.780230203221842
-0.1911295575595199;0.5335383204948522
0.7122070510544183;0.4776614700034139
0.3893784881576843;-0.722290293567857
-0.5497039674348044;0.5510318275027443
-0.8369930956160957;-0.031224340173246302
-0.42173212623107387;0.2761531278025156
-0.34105627880422895;0.24214359595156912
0.007778698262433284;0.21803646862382658
-0.7994059906615973;-0.2641422205015069
0.7339059236512765;0.5697793677966206
0.7387314976386483;0.3698194318600314
0.06275606975808162;0.11068749579722784
-0.43323003514069214;0.6294180204692068
0.36265935070697597;-0.21245047491401964
-0.4844925252713205;0.7000492021879818
0.5431524404915353;0.7571215810917775
0.4237581755035855;-0.44996076136909485
-0.4431023311569306;-0.004099300555351848
0.23014268942306998;-0.22390927563668897
0.35028320520936923;-0.6654484947043366
0.5139043063770173;0.8636303006709153
-0.2767354755470719;0.21598020443523
-0.011669975533268703;-0.1130549645603077
0.8713470098940556;0.3715310404220156
-0.4180273822048174;-0.8260075904575097
0.12768680746268204;0.5375785400747082
-0.8308889367373875;0.5276247939112596
-0.1643409332948528;0.21581331898341705
-0.19070178869969812;-0.1894312512646239
0.5520601689279353;0.6382455651547382
-0.14604422042080425;-0.8368907661210166
0.9388373924270023;0.04886934454039627
0.026521073230821025;0.2327812346167509
-0.0940847748770002;-0.07823562653330407
-0.3399040652182792;0.3015368561149551
0.27452653786883424;-0.16507095230996452
0.7984856409325445;0.11617779675046624
-0.1165789082177836;0.65322592033687
0.20376360737665733;-0.3021274848942155
0.2620657595024467;-0.2807548586410012
1.0489748777275731;0.022569906156744514
-0.45692300294699884;-0.9239143061186035
0.6781270203213982;0.7180472654383416
-0.031839497409197275;0.2259154433628134
0.19862174343097888;-0.4664666085531386
-0.38119690687679564;0.08596438028112237
-0.8385618115379467;-0.1598170665388143
-0.011246955996981526;-0.15558962761109432
0.8551341576917226;0.06289651259868889
0.47295712980200233;-0.5877887334236377
-0.3257055662823229;-0.3032371238195352
-0.29469717189876377;0.09166176102586497
0.24341990824159654;-0.21007321797312165
-0.3280331436594883;-0.5212437366870674
-0.42115365654042464;-0.19351448523204987
0.5109576159430478;-0.4759382519539738
0.9553262435245317;0.3891637670787551
-0.013883860987923555;0.07820597948483307
0.7868995648301172;0.41307790180638265
-0.10009704245579078;0.2124394304706232
1.0638744775299172;0.33396264427256406
0.24293116116239385;-0.14293940914126288
-0.031159442682999087;-0.34517433124267227
0.455263632421315;-0.5996371853000961
0.15111577228443693;-0.5474700801937491
0.021668720117168902;0.6578399751065863
0.8883884809266419;0.057079036827892476
-0.4767716318290921;0.6124448773409693
0.8057450003391706;0.34788550337223106
-0.08741804780383462;-0.5421514795508624
0.8257774210930888;0.23232583478476782
0.921601294262929;0.21073194815750002
0.24356459886361517;-0.4848711051467099
0.4396045215534258;-0.5154378081692385
0.13648134865457512;-0.4153490633500587
0.8524761695280709;0.48244602198769126
0.07856253276904096;0.24900141069980974
0.07318579004011581;-0.39497469378810546
-0.06465144342225836;0.06737898979951089
0.5311841234636274;0.7197690797526476
0.833129457571355;0.2375713835853377
0.09943224581217966;-0.1510540722129224
-0.04525365748893471;-0.7750839660487207
-0.5304659371500241;0.5777447340239813
0.8657116252678165;0.10539871745172108
0.3587626465295168;-0.6310806546407872
0.515346425902435;0.7162745691900083
-0.17923714801564752;0.6009660262242839
-0.38720676256599795;-0.1383137571885938
0.9340180519397127;0.04015151158089022
0.6360494913144866;0.7276017185680463
-0.5179641470143158;0.4846445381175248
-0.2079857969431585;0.32816248783150653
-0.1265174813421403;0.31779978352965
0.01708883551332638;0.6738025137590633
-0.37405170485784706;0.307212629730591
0.004073231784401319;-0.28984416752376624
-0.7822273586641171;0.3550549244906915
-0.05461089298993223;-0.11318747906793071
0.7522420907668986;-0.5345968223933194
-0.11041638441849064;-0.3058123247835953
0.4609737080090509;-0.47829111520809725
-0.9417484780645113;0.26426633550993084
0.18628193672286733;-0.8691266418762694
0.32803655329354653;-0.5637237481898666
-0.9280707319970363;-0.06410500335404788
0.9082603392168215;0.1864236511106307
0.09744640024874533;-0.38360649613122005
-0.1766834613276391;0.510583405228009
-0.019250674868912118;-0.4070696563004691
-0.04455877590984304;-0.5905635832962349
-0.7406812462438923;-0.01658381020575739
-0.3946990322568343;-0.13956501335190502
-0.2665179313498814;0.11743014792851952
0.06678753110548216;-0.36402652168062
0.08585567095927316;-0.41830288207887195
0.06293221937370799;-0.5834390211050119
-0.12394467865606316;-0.8288390501913919
0.4569543436256636;-0.557332367319885
0.4424630979544434;-0.7563928978332297
0.8614623694586825;0.08859545007437371
-0.3350524175692323;0.38638914707290734
1.1338091112557853;-0.05872760717243718
-0.0661196446515634;-0.12022453490367893
-0.4151848878300392;-0.48147135762561916
-0.16040211858390302;-0.12398899006821086
-0.010194982061238525;-0.23496259663118496
-0.1574612973526162;0.31208263438158806
-0.4448438758541698;0.32669199975342567
-0.18448908050988846;0.6424513809110878
-0.7641295585987073;0.19295133352306537
-0.6601358570383815;0.35431789895446186
-0.487598296014888;0.4090669952936251
-0.21778139784367123;0.5611884160028439
-0.4957468306149118;0.29435004585551744
-0.13282805583875587;-0.2890282155212183
-0.4162676397833461;0.5744071757413352
-0.25683162368970575;0.055410844544274106
0.12306085795807505;-0.34970031210692143
-0.09923714682572542;0.7488756699148981
-0.19791404842881188;0.6804707936614839
-0.6904610782341234;-0.38255303786142925
0.0141934839391175;0.6517973596508722
-0.5348630162395269;0.4618957287017579
0.2485509940767663;-0.5666748866083379
0.23442657319512353;-0.46479899758627596
-0.11502207055635066;-0.6846303084643117
0.30576837039118593;-0.009914579671801226
-0.15459791728959427;-0.7949555461858824
0.5150429899793951;-0.5959135779936368
0.2247956505170999;-0.2089899880044696
0.22629232270478156;-0.5422952541867696
0.037739362269693676;-0.09290093743618277
-0.26463869839349385;0.3489986016805371
0.7642264707539981;0.5001309441844596
-0.8370566322528731;-0.5178801392379667
0.23735936038606742;-0.31445081212314663
-0.6821345931799292;0.018286921494531247
-0.7167707543503481;-0.456918597967364
0.2718196835488455;-0.7112658828024794
-0.7759188946442431;0.4351156288321373
0.8806919221263192;0.05937497087780149
0.3358295383463496;-0.6597106003654227
-0.40014829993388745;-0.8862731792196517
-0.6393980293647069;-0.5324911203725059
-0.8144967817848232;-0.534359139149664
-0.33313172620548026;-0.40736853090420877
0.09887881962454434;-0.5562739328332552
-0.7877776667146624;-0.425034418494773
-0.4434887572395791;0.4325629154030905
1.034634727287467;0.3196062563990334
-0.2770895746872107;0.3849807307402311
-0.600618776809471;0.24249636928418655
0.044581738792331516;0.5056431192153689
0.12242151278940515;-0.3890565633021868
0.27105465420539626;-0.39369528542558935
1.083579405106214;-0.05638259524775873
0.5707844295256151;-0.48235120156388755
0.3502809494554133;-0.21779499878116518
-0.22686812032784337;0.19476245401333026
-0.3584078627336804;0.3557181250735093
-0.03831197101967343;0.29087572789774324
-0.39707376983607184;0.14655722171938043
-0.07035733831397142;-0.3310312982877048
-0.30463225071089156;0.3853582372898168
-0.102932688853747;-0.4218111153285053
-0.4091152054931834;0.3016826997138655
-0.015528528086885244;0.4174121119586027
-0.1622962794327956;-0.3120469511435365
0.1482601694515869;-0.609096451114648
-0.059367403347229175;0.27321824073748524
0.5700913445752196;0.7131827057229155
0.02574249674716567;0.16918885788965496
0.5910967925117734;-0.45437242255192906
-0.21555919722085354;-0.11161847735120001
0.9084523823603301;0.5313307575550293
0.9582616783543721;0.024154338173952163
-0.26612515827163324;0.6271990857744878
0.49316078735452346;0.8395374276423874
0.2979061945992235;-0.47118641317545257
0.8521666806731033;0.39613970795385284
0.9255249347387756;0.3320516427373329
-0.22448988556046903;-0.26653148978769264
-0.06940621082755573;-0.12783103855066957
-0.4279584562166301;-0.42856031794980953
-0.46515819429619953;-0.8086634293320564
-0.3927876780208832;-0.3203800256537824
0.016131080276641268;-0.4725808740416343
0.04720006149681903;-0.4851688209817611
0.5406344069147976;-0.2950321346432533
0.8954242797749851;0.1307482999366973
-0.03625280505361094;0.34862088156483406
-0.29820390865953605;-0.5364444636716321
-0.2376354745691582;0.2382008977202251
0.2671452148624323;-0.6647921688536356
0.11874025406458488;-0.7171894739798018
0.31453184861174854;-0.6306068037759188
-0.12418760660376224;-0.4484263004831302
-0.5509433557294158;-0.5423212569299127
-0.7399425885279184;0.3443587761187009
0.7617320677567702;0.1394778484057411
0.11930537776666039;0.019733451452116354
-0.45543710338979915;0.31130744160662605
-0.05887670061340481;0.5534813861006767
-0.0677752929853533;0.49504227313004956
-0.0650219520207057;0.03407018133214263
-0.4413984778190708;0.361599008076608
0.15131742040941518;-0.4667755379310081
0.8942447601372336;0.16171424903723441
1.0584129523055008;0.07860850364805104
0.06488412826818547;0.3400673268907917
-0.22172467808761692;-0.21579619786858686
-0.09209995211861825;-0.6022502418642594
0.9614332318178909;0.10258083992337391
-0.5814241621737491;0.18425273811689313
0.10047603062808336;0.5856027867502015
0.8172714719055946;0.12595908844886214
0.02999007342401357;-0.32236579661476217
-0.3279324788946746;-0.38654908206558664
0.1649503384801412;-0.24512945263244762
-1.0062943309690757;-0.007934607270782676
1.1240648157657656;0.1142970727997045
0.854616287060239;0.2222600464948263
-0.42647033986936866;0.30054687334916935
-0.03711419499643393;0.13895117528625622
0.8892571634235945;0.021277168068699743
-0.1518341104134295;-0.25241665734880897
-0.09312587437049749;0.6408771772788566
-0.8113356688041099;0.32670061670874345
-0.5477497982752488;0.244306989084542
-0.22767526235589922;-0.6616854925587684
-0.32018857670241896;-0.28400427013374174
0.5238568641877744;0.7946292174298525
0.29043869679299233;-0.8479944152819997
-0.43646861914025825;-0.14557097376756228
-0.11511093452760142;0.48270364890566864
0.7616034297410537;0.6593333274726239
0.9496236902376494;-0.003570174233055083
-0.22706112395603872;0.2881267034545104
0.3323561282540298;-0.27116332769911666
0.1406294604052346;-0.17103968127539504
0.7811080709800178;0.5625204307006513
0.014376775507587276;-0.1957211486546482
-0.2036350507296557;0.3740965879231207
-0.16757104977882076;-0.03104303996786298
-0.41464069797961567;0.802291710343776
0.434755520272009;-0.7224805711187848
-0.5021755989212839;0.16593233694486625
0.8512600480270266;0.16094933765816077
-0.26901725341719496;0.5597653797285721
0.028976498217882167;-0.4297433808912662
-0.034793135389206;-0.3561416477057692
-0.9603669668093658;0.08616768594118103
1.0280291546540241;0.04114226435596391
0.307918519522992;-0.42470130693363395
-1.0391452253866045;-0.4018854187069653
-0.09753715221289251;0.026643251063061504
-0.5571754509449279;0.13520443335511453
-0.025282217586074768;-0.5385605698762969
1.0654829580652727;0.3168929384185099
-0.5127516372679003;-0.012095622354384208
0.08561619086564895;-0.32571953382205515
0.5532081237628352;-0.641480453532042
0.9905393047005352;0.3934367987913619
0.5736880681844769;0.8880012775358227
0.1642058964422561;0.2852592272521319
0.06232814173414942;-0.3172966829263312
-0.14965537766007134;-0.58835197675018
0.47197404102412965;0.7420255624178322
-0.7933010142522192;0.6443325179015892
-0.10480362787256212;-0.4156780979913311
0.6160744089475559;-0.6794425319107311
0.9381628349479946;0.01835460095394315
-0.21793904937045452;0.7332726419884872
0.9946678518291902;-0.004042160618522119
-0.5586985019329027;0.5861194557615355
-0.2486890373893678;-0.4495963416490975
-0.40082962741623485;0.17747292436416232
-0.1984541212046906;0.6122663874078025
-0.34347214091061784;-0.9133877284989448
0.9850932400347769;0.18867205253325506
-0.2794538521405659;-0.3754881608680273
0.003687462724833605;-0.7154225768407219
-0.2982921317083918;-0.4089828813103475
0.35230835621455747;-0.4390386725324813
1.0547245264815306;-0.03480374077402934
1.0033927176108408;-0.04240127233486207
-0.8590012825987398;0.34803867476419065
0.06205671112373409;0.19516632327827763
0.09164839181816072;-1.0276848845933728
-0.09342319115100957;-0.2695310873930691
0.53756264260156;0.645794173225714
0.18076441854573516;-0.2000095560595513
-0.05126103854509052;-0.32334171445684806
-0.949495020028341;-0.1492482669495265
-0.4138157871536609;0.4942712992407245
-0.4884693596224428;0.3762056932087692
-0.29223117248249825;0.8961608731711593
0.09800326736570893;-0.14844814209520119
0.08980286405937964;0.43417855495797625
-0.1124755011559383;-0.7910670546782409
-0.5748612452923046;-0.28889925041672565
0.21543845472633566;-0.44894177442352845
0.114307962343942;-0.12681812735239953
-0.8997885702797177;0.5542038602967098
-0.5872521160206021;0.4677009978976382
0.8837717257035264;0.4250939493045138
-0.5224681998589114;0.5613324609082729
0.052981994355878255;-0.33633280445721647
0.018196095900279496;0.20382081132202387
-0.1032842416773316;-0.4695294318794838
-0.23411237563634987;-0.21424392145616974
0.36241781407064066;-0.7957004192559678
0.8411646079722909;0.10306715654044755
0.20915092714396236;-0.06734343338340412
-0.2828154306693086;-0.1752370893344844
-0.5848363489896005;0.4437283181039971
-0.15144830887686783;-0.5596992433172377
-0.9584941710274535;-0.24290055324207677
0.18092581550725478;-0.18420306361281452
-0.2514231086850495;0.2187156971395527
0.18011287972725043;-0.26764663294873653
-0.670271473764923;-0.22220874103989394
0.9904588303679547;-0.06424724540191876
0.8773338205835098;0.3803798177450464
0.007943316616265675;-0.5609973560255409
0.7672086556203818;0.4358009035630171
-0.1507767564032112;0.5564094071459578
0.8045489859015753;0.4870685017513565
0.8836189945306946;0.08285412657176584
-0.3009684750885259;0.5388025254705807
-0.04975024433674917;-0.5962082384006888
0.01250178434157655;0.3795785700333195
1.0367165214115832;0.04156638752408521
0.00045917010229975125;-0.9799849042810399
0.14422809551113727;-0.6284094928040521
-0.29240697465413196;0.4158014830316068
0.3421821684192359;-0.6086900534432882
-0.0711838651445912;-0.4284970987088061
0.1223698008371141;-0.5390238988736229
-0.23728673044687135;0.30928528135963923
0.9467724658658314;0.010723068145117205
-0.30664611200428304;0.15039003616970387
-0.1879319400284977;-0.24021409812390973
-0.6516649250621511;-0.5263559294635903
0.3126558483324463;-0.36084686880310773
-0.050455531743759205;-0.41410134261806586
-0.40265466293763486;-0.30697896411394787
-0.14427035624997928;0.3813266407330235
0.06533942545153848;-0.6549182147554193
-0.050755212811439174;0.5102462165408046
0.393173862377805;-0.6946214064112669
0.020170356115151403;-0.7688438616395361
0.47918703959261055;-0.6833452686701627
-0.43029610950137986;-0.6700910799548107
0.8988609201834082;0.08648965134706664
0.34760687622434727;-0.5212723752705195
-0.08772662051567681;-0.30098713933339233
-0.13732052832921673;-0.3497951693525346
-0.17021559197793398;-0.5480498773133007
0.12609719868510127;-0.01374774072956103
0.1153520797561066;-0.17169704258588867
0.27171754171934775;-0.43210791080457667
0.8890462248883121;0.04366296649506274
-0.6526466607083672;-0.5222830089185285
0.37714087295441573;-0.5513520364089772
-0.14283225886836537;-0.376868590236742
0.5385920554196703;0.6748363291345534
-0.38624378202598597;-0.5893167696295981
0.4846974980369868;-0.47287419005966974
-0.43970611401145404;-0.9344167526086773
-0.9740189608697088;0.09207681937362426
-0.2700674983106827;-0.6229904553011003
-0.03580283474718026;-0.5118970345049493
-0.3651649863462326;-0.8376414343732005
-0.7839365424926775;0.32508725549705203
0.1506302235338299;-0.8792800954834451
-0.5586432136375155;-0.20367268552046894
0.3216341013066665;-0.5751068394282248
0.5474160496312734;0.6745699647190213
-0.238869185686254;0.3000184658036718
-0.07985653386921192;0.4486815678242125
-0.7762346748348613;0.3209995986323824
-0.06265536874594982;-0.38225883011591555
-0.582144812065906;-0.059520340781637544
-0.13390784839837044;-0.48770827190653915
-0.011237682929911669;-0.6747238136052027
0.6892699281129636;0.5289355535966628
0.9892159986445738;0.47640956925504535
0.41788238806410816;-0.4282739266349556
0.1453532153759406;-0.3925730306256147
-0.8420641798693478;-0.13187011558527154
